{"cameraMode":{"drawMode":0,"name":"Shaded","section":"Shading Mode"},"sceneLighting":true,"audioPlay":false,"sceneViewState":{"showFog":true,"showMaterialUpdate":false,"showSkybox":true,"showFlares":true,"showImageEffects":true,"showParticleSystems":true},"in2DMode":false,"pivot":{"x":13.060332298278809,"y":-6.26576042175293,"z":-22.284677505493165},"rotation":{"x":0.27216795086860659,"y":0.4019905626773834,"z":-0.12647463381290437,"w":0.8650904297828674},"size":37.708351135253909,"orthographic":false}