{"cameraMode":{"drawMode":0,"name":"Shaded","section":"Shading Mode"},"sceneLighting":true,"audioPlay":false,"sceneViewState":{"showFog":true,"showMaterialUpdate":false,"showSkybox":true,"showFlares":true,"showImageEffects":true,"showParticleSystems":true},"in2DMode":false,"pivot":{"x":4.603741645812988,"y":3.1499998569488527,"z":-15.277189254760743},"rotation":{"x":0.332988977432251,"y":0.3956354856491089,"z":-0.15656478703022004,"w":0.8414855599403381},"size":4.309350490570068,"orthographic":false}