{"cameraMode":{"drawMode":0,"name":"Shaded","section":"Shading Mode"},"sceneLighting":true,"audioPlay":false,"sceneViewState":{"showFog":true,"showMaterialUpdate":false,"showSkybox":true,"showFlares":true,"showImageEffects":true,"showParticleSystems":true},"in2DMode":false,"pivot":{"x":11.245721817016602,"y":-10.53441047668457,"z":-23.83014678955078},"rotation":{"x":0.5015479922294617,"y":0.22295987606048585,"z":-0.13558006286621095,"w":0.824867308139801},"size":18.680261611938478,"orthographic":false}